Title,Company,Experience
Medical Sales Representative For Lupin,N/A,1-6 Yrs
Home Tutor (4TH - 10TH),N/A,0-3 Yrs
Recruitment Coordinator (Freshers Eligible),N/A,0-2 Yrs
Business Development Executive,N/A,0-1 Yrs
Urgent Openings For Collections,N/A,0-5 Yrs
GO AI Associate || Bangalore || Work form Home,N/A,0-2 Yrs
Hiring For Mainframe - COMM / Networking,N/A,6-11 Yrs
Hiring For Solution Architect For Mainframe - IT Infra,N/A,12-20 Yrs
Looking For Mainframe IMS System Prg,N/A,6-11 Yrs
Excellent opportunity For DB2 System Programmer,N/A,6-11 Yrs
Hot Hiring For z/OS System Programmer,N/A,6-11 Yrs
Hiring For Senior Python developer and Lead,N/A,4-9 Yrs
Low Code Dev Engineer,N/A,6-10 Yrs
Amazon - Account manager - US,N/A,6-11 Yrs
Java Fullstack Developer (Bangalore)_Tech Mahindra,N/A,7-12 Yrs
Workato developer,N/A,5-10 Yrs
Wipro - Opening For Neo4j Developer,N/A,3-8 Yrs
"Permanent Job - SAP FICO (SAP Account Payable) - Night Shift ( BLR)
",N/A,9-14 Yrs
Software Engineer- Manager,N/A,10-13 Yrs
Home Tutor (4TH - 10TH),N/A,0-1 Yrs
"Online Tutors - Math / Science / English - Work From Home Position
",N/A,0-0 Yrs
GO AI Associate || Bangalore || Work form Home,N/A,0-2 Yrs
Sales Manager - Water Dispensers and Purifiers,N/A,0-2 Yrs
SFMC developer (Life cycle + Ops manager),N/A,5-10 Yrs
Product Executive - Decorative Marketing,N/A,2-6 Yrs
Regional MIS,N/A,1-4 Yrs
Openings For Dealership Sales Executive,N/A,2-7 Yrs
Power Bi Analyst (Space Management),N/A,3-8 Yrs
Senior Safety Engineer (Location : Site),N/A,10-16 Yrs
Associate-Account Management,N/A,0-2 Yrs
"Sr. Java Developer @Nttdata,Remote",N/A,5-10 Yrs
Patient Account specialist,N/A,4-9 Yrs
Azure Architect,N/A,10-20 Yrs
Hiring For  D365 F&O Technical Consultant-TOP MNC Companies- Pan India,N/A,8-13 Yrs
Medical Coder - Inpatient,N/A,5-10 Yrs
Hiring For Mainframe IMS DBA,N/A,8-13 Yrs
Looking For Mainframe DB2 System Programmer,N/A,8-13 Yrs
Hot Hiring For Mainframe Endevor Admin,N/A,8-13 Yrs
Program manager  Community manager (Community Operations Specialist),N/A,2-7 Yrs
Inbound International Sales-Work From Home-Fixed Pay+Commission,N/A,0-0 Yrs
Customer Support Executive,N/A,0-4 Yrs
Hiring || Graphic Designer || 0-1 year || Freshers ||,N/A,0-1 Yrs
Customer Support Executive,N/A,0-5 Yrs
Customer Care Executive,N/A,0-4 Yrs
GO AI Associate || Hyderabad || Work from Home,N/A,0-2 Yrs
"Allianz Services urgently looking For a Data Scientist 
",N/A,3-8 Yrs
Civil Billing Engineer (Location: Site),N/A,8-11 Yrs
Devops Manager-Immediate joining required,N/A,12-20 Yrs
Hiring For Korean and Japanese Customer Service-Salary 1 LAC -WFH,N/A,0-5 Yrs
Inbound Sales Executive,N/A,1-4 Yrs
Escalation Supervisor,N/A,1-6 Yrs
SAP Basis Solution Consultant (Contract Role),N/A,6-10 Yrs
Big Data Developer,N/A,3-6 Yrs
Excellent Opportunity For Mainframe Solution Architect,N/A,10-20 Yrs
Looking For Mainframe COMM/ Networking,N/A,7-12 Yrs
Hiring For Mainframe z/OS System Programmer,N/A,6-11 Yrs
Financial Analyst| 2-3 yrs exp| Permanent Remote,N/A,2-4 Yrs
Parexel is Hiring !!! Senior Medical Writer,N/A,8-13 Yrs
Senior Mendix Developer,N/A,7-11 Yrs
Cyber Security Architect,N/A,4-9 Yrs
Hiring For Sitecore Developer -Top MNC Companies- PAN India,N/A,9-14 Yrs
Hiring For .NET Professionals -Top MNC Companies- PAN India,N/A,4-9 Yrs
Sr Servicenow developer openings in MNC product development client,N/A,8-13 Yrs
React Native Developer,N/A,4-6 Yrs
Senior Frontend Web Developer,N/A,5-8 Yrs
Senior Devops Engineer,N/A,8-13 Yrs
Python Developer,N/A,2-3 Yrs
Senior Mainframe Developer - Top MNC Companies (Direct Payroll),N/A,7-9 Yrs
Campaign Specialist,N/A,4-9 Yrs
Program Manager,N/A,15-20 Yrs
"Python Developer @ Nttdata, Remote",N/A,6-11 Yrs
Sap Fico Consultant (Remote),N/A,10-20 Yrs
Growth Intern at Dyte,N/A,N/A
Revenue Operation Intern,N/A,N/A
GO AI Associate ||0 Delhi-NCR || Work from Home,N/A,0-2 Yrs
US HR Operation Associate : NTT DATA Services : Gurugram,N/A,0-0 Yrs
GO AI Associate ||Delhi-NCR || Work from Home,N/A,0-2 Yrs
Online & Offline Business & English language teachers,N/A,0-3 Yrs
Subject Matter Expert - SME (Answering Questions),N/A,0-5 Yrs
Online Greek Language Teacher (Must Be Russian speaker),N/A,0-5 Yrs
Urgent - Work FROM Home JOB Opening AT Startek - Kolkata,N/A,0-4 Yrs
Customer Care Executive,N/A,N/A
GO AI Associate || Hyderabad || Work from Home,N/A,0-2 Yrs
Transition Lead,N/A,5-9 Yrs
Emerging Business B2B DTH,N/A,3-8 Yrs
Store Manager Mumbai,N/A,2-7 Yrs
Cloud - Senior Software Engineer,N/A,4-7 Yrs
Delivery Technical Consultant - Angular 13+,N/A,4-6 Yrs
Intern - Sales,N/A,0-0 Yrs
Digital RM - Account Opening - WFH,N/A,0-5 Yrs
Content Writer,N/A,0-2 Yrs
Sr Staffing Specialist :: Non IT :: (Australia Offshore),N/A,5-10 Yrs
Azure Data Engineer(Australian shift only- 5yrs exp),N/A,5-10 Yrs
Java Developer,N/A,5-10 Yrs
Territory Business Manager,N/A,2-4 Yrs
Assoc Medical Data Review Manager,N/A,4-8 Yrs
Medical Data Review Manager,N/A,8-13 Yrs
Sr. Support Analyst - Oracle Supply Chain Module,N/A,5-10 Yrs
Guidewire Datahub/Infocenter Developer -PAN India ( Immediate Joiner ),N/A,6-11 Yrs
Z/OS System Programmer - Permanent Work from Home,N/A,6-11 Yrs
Periodic Report Expert Oversight,N/A,4-8 Yrs
Fusion Analytics Warehouse Lead (FAW),N/A,2-7 Yrs
Power BI Developer LEAD,N/A,5-9 Yrs
Employee Services Specialist @ Applied Materials - Bangalore,N/A,3-7 Yrs
Salesforce Architects,N/A,6-10 Yrs
AWS Redshift Developer,N/A,4-9 Yrs
"Amazon is hiring Sr. Associate, CTK  - Work from Home",N/A,1-6 Yrs
Medical coder Specialist Outpatient - individual contributor (IC),N/A,4-9 Yrs
Customer Service Associate - Bangalore (Work From Home),N/A,1-6 Yrs
Software Developer,N/A,6-11 Yrs
Sr Engineer - Backend with Payments module expertise,N/A,4-9 Yrs
Clinical Trial Disclosure,N/A,2-5 Yrs
API Developer Senior Associate,N/A,6-9 Yrs
Hot Hiring For z/OS System Programmer,N/A,10-15 Yrs
Senior Bigdata Developer,N/A,4-9 Yrs
Product Manager,N/A,6-8 Yrs
Generative AI Engineer,N/A,2-7 Yrs
Territory Manager - Horeca/Institutional - Bangalore,N/A,2-3 Yrs
Python Data Engineer,N/A,5-7 Yrs
Performance Engineer/Analyst,N/A,4-8 Yrs
Tele Sales Executive - WFH,N/A,3-8 Yrs
Strategic Account Manger/ Key Accounts,N/A,8-13 Yrs
Marklogic Developer Marklogic Administration,N/A,9-11 Yrs
Fullstack Developer - React and Node.Js,N/A,4-9 Yrs
Data Architect,N/A,10-14 Yrs
Opening For Genesys Cloud Developer -FNF India - Remote,N/A,4-9 Yrs
Mortgage Closing Analyst,N/A,2-4 Yrs
Data Scientist - Sr Associate,N/A,4-6 Yrs
Salesforce - Team Lead (5-9 years),N/A,4-8 Yrs
Tech Mahindra hiring For Senior Devops Engineer (4-8 Years),N/A,4-8 Yrs
Medical Safety Advisor,N/A,7-12 Yrs
"Full Stack .NET Developer, Sr and Junior",N/A,5-10 Yrs
Lead Auditor - ISO 9001,N/A,3-6 Yrs
Wipro - Opening For IICS,N/A,6-11 Yrs
Wipro - Opening For Talend DI Developer,N/A,7-12 Yrs
SharePoint Developer - 8 To 12 Years,N/A,7-12 Yrs
Join Our Remote Telesales Team and Elevate Your Career!,N/A,3-7 Yrs
Senior Software Developer,N/A,5-9 Yrs
Implementation Consultant,N/A,10-16 Yrs
Senior/Lead Functional Consultant - MSD (F&O),N/A,9-14 Yrs
Java/AWS,N/A,3-6 Yrs
Sales Director,N/A,12-20 Yrs
Fullstack-Sitecore Developer	,N/A,5-10 Yrs
.Net core Fullstack Developer - Chennai / Bangalore / Hyderabad,N/A,5-9 Yrs
Customer Support Executive,N/A,1-5 Yrs
ZBM Kolhapur,N/A,9-14 Yrs
3D JavaScript Developer,N/A,4-9 Yrs
"Senior Developer(CI/CD, Kubernetes) @Nttdata, Bangalore",N/A,5-10 Yrs
"Devops Engineer at Nttdata, Bangalore",N/A,5-10 Yrs
"Devops Engineer @Nttdata, Bangalore",N/A,5-10 Yrs
Project Consultant - Bangalore (On Fixed Term Contract),N/A,15-20 Yrs
Educator Internship Programme,N/A,3-6 Yrs
3D Developer,N/A,3-8 Yrs
Content Writer and SEO Specialist - Remote - Work from Home,N/A,3-7 Yrs
Staff Engineer (Database),N/A,6-9 Yrs
Hosting and Compute Operations Engineer,N/A,4-9 Yrs
Remote position Immediate - Apigee Support Engineer @ Concentrix,N/A,4-9 Yrs
Pre Silicon Verification Lead,N/A,3-5 Yrs
Area Sales Manager LSV (B2B),N/A,5-10 Yrs
PHP Laravel Developer - Remote - Work from Home,N/A,3-7 Yrs
Principal Engineer (Cyber Security),N/A,13-15 Yrs
Principal Engineer (Demandware),N/A,13-15 Yrs
Associate Principal Engineer (Oracle EPM Financials),N/A,9-13 Yrs
Senior Engineer,N/A,N/A
Technical Lead,N/A,N/A
Area Sales Manager - Bellary,N/A,8-13 Yrs
Staff Engineer (Java Full stack Developer),N/A,6-9 Yrs
"SAP ABAP Architect @Nttdata,Remote",N/A,8-13 Yrs
Senior Devops Engineer,N/A,9-12 Yrs
Project Engineer - Max Aircon,N/A,1-3 Yrs
Medical Dental Billing Specialist,N/A,3-8 Yrs
Insurance AR Specialist,N/A,2-7 Yrs
Associate Manager- Cash Application & Insurance Collections,N/A,3-8 Yrs
Associate Staff Consultant (Business Analyst - Education Domain),N/A,5-9 Yrs
Team Leader - Kolkata,N/A,4-7 Yrs
Business Intelligence Advisor,N/A,8-10 Yrs
Solar Installation Project Manager,N/A,5-10 Yrs
AI Analytics Analyst,N/A,2-7 Yrs
"AWS Devops @Nttdata,Remote",N/A,4-9 Yrs
Mulesoft Architect,N/A,10-13 Yrs
"HR Recruiter -Malayalam, Kannad & English Speaking",N/A,0-2 Yrs
Customer Care Executive WFH,N/A,0-4 Yrs
TSM MBA fresher in maharashtra,N/A,0-3 Yrs
Introductory Counsellor,N/A,N/A
MBA fresher Female,N/A,0-3 Yrs
Tele Sales Officer,N/A,0-4 Yrs
"Amazon is hiring For CSA, International Voice",N/A,0-5 Yrs
Delivery Boy,N/A,0-1 Yrs
Adobe Analytics Developer (Assistant Vice President),N/A,5-10 Yrs
Business Development Manager,N/A,2-4 Yrs
Amazon Is Hiring -(Work from Home)Customer Service Associate-Hyderabad,N/A,0-5 Yrs
Job Opening For the role of GO-AI Associate - Hyderabad Location (VCC),N/A,0-2 Yrs
Marketing Executive For Lupin Ltd.,N/A,0-5 Yrs
Amazon Is Hiring-(Work from Home)Shipping & Delivery Support-Hyderabad,N/A,0-5 Yrs
Job Requirement For Prompt Engineer @ Hyderabad (C2H),N/A,0-1 Yrs
Instructional Designer,N/A,3-8 Yrs
Functional Consultant,N/A,3-8 Yrs
SAP FICO/Ariba/Concur/Fiori/ABAP Consultant,N/A,8-13 Yrs
Software Developer - Dot Net,N/A,3-7 Yrs
Azure DevOps Engineer with Specflow & Selenium Experience,N/A,4-9 Yrs
